Nivia Storm Football | Rubberized Moulded | Suitable for Hard Ground Without Grass | Training Ball | Soccer Ball | for Men/Women | Football Size - 5 (White)
/Nivia-Storm-Football-Size-White/dp/B00ICCYF0E/ref=sr_1_1?crid=3VDWDAJM2M9NZ&keywords=football&qid=1685026989&s=apparel&sprefix=football%2Cfashion%2C265&sr=1-1
$379
Ratings:40,713
Reviews:3.9 out of 5 stars


Country Colour Rubber Moulded Football
/Nivia-Country-Colour-Size-5-ITALIA/dp/B01H3AOZ6E/ref=sr_1_2?crid=3VDWDAJM2M9NZ&keywords=football&qid=1685026989&s=apparel&sprefix=football%2Cfashion%2C265&sr=1-2
$349
Ratings:4,466
Reviews:3.8 out of 5 stars


Nivia Home Play Mini Football/PVC Material/Football for Indoor Use/for Age Group Under 12 Years/Size - 1 (Blue)
/NIVIA-Home-Play-Football-Blue/dp/B08GSK1L33/ref=sr_1_3?crid=3VDWDAJM2M9NZ&keywords=football&qid=1685026989&s=apparel&sprefix=football%2Cfashion%2C265&sr=1-3
$159
Ratings:2,997
Reviews:3.5 out of 5 stars


AL RIHLA League Football - FIFA 2022 - Size 5 (White, Soccer)
/Adidas-AL-RIHLA-League-Football/dp/B09GS3CPQ1/ref=sr_1_4?crid=3VDWDAJM2M9NZ&keywords=football&qid=1685026989&s=apparel&sprefix=football%2Cfashion%2C265&sr=1-4
$2,749
Ratings:959
Reviews:4.4 out of 5 stars


NIVIA SPINNER MACHINE STITCHED FOOTBALL SIZE -5 (BRAZIL)
/Nivia-1019-Brazil-Football-Yellow/dp/B0797N8QR9/ref=sr_1_5?crid=3VDWDAJM2M9NZ&keywords=football&qid=1685026989&s=apparel&sprefix=football%2Cfashion%2C265&sr=1-5
$379
Ratings:6,182
Reviews:3.7 out of 5 stars


Starlance Club TB- Size 5 Football (White/Blue)
/Adidas-Starlance-Club-Football-White/dp/B0B2F5LG63/ref=sr_1_6?crid=3VDWDAJM2M9NZ&keywords=football&qid=1685026989&s=apparel&sprefix=football%2Cfashion%2C265&sr=1-6
$1,449
Ratings:6
Reviews:4.6 out of 5 stars


Vector X Street Soccer Rubber Moulded Football Size-5 (Orange, Black)
/Vector-Street-Soccer-Moulded-Football/dp/B01566VTZ2/ref=sr_1_7?crid=3VDWDAJM2M9NZ&keywords=football&qid=1685026989&s=apparel&sprefix=football%2Cfashion%2C265&sr=1-7
$369
Ratings:4,402
Reviews:3.9 out of 5 stars


Nivia Black & White Football/Rubberized Stitched Football/32 Panel/Suitable for Hard Ground Without Grass/Training Football/for Men/Women/Size - 5 (Black/White)
/Nivia-Black-White-Football-Size/dp/B01N9A4V1B/ref=sr_1_8?crid=3VDWDAJM2M9NZ&keywords=football&qid=1685026989&s=apparel&sprefix=football%2Cfashion%2C265&sr=1-8
$799
Ratings:376
Reviews:3.9 out of 5 stars


Vega Football (Size: 5) Material: Rubber, Color: Multicolor
/Nivia-Vega-Football-Size-5/dp/B00I9Y41TA/ref=sr_1_9?crid=3VDWDAJM2M9NZ&keywords=football&qid=1685026989&s=apparel&sprefix=football%2Cfashion%2C265&sr=1-9
$732
Ratings:768
Reviews:4.0 out of 5 stars


Storm Rubber Football, Size 5, (White)
/Nivia-Football-Combo-Double-Action/dp/B01MTK1H3Y/ref=sr_1_10?crid=3VDWDAJM2M9NZ&keywords=football&qid=1685026989&s=apparel&sprefix=football%2Cfashion%2C265&sr=1-10
$784
Ratings:508
Reviews:3.7 out of 5 stars


Cosco Rio PVC Football with Hand Pump and Needle, Size 3 for Kids, (Multicolour, Soccer)
/Cosco-Kids-Football-Juniour-Hand/dp/B07D1NK7P2/ref=sr_1_11?crid=3VDWDAJM2M9NZ&keywords=football&qid=1685026989&s=apparel&sprefix=football%2Cfashion%2C265&sr=1-11
$580
Ratings:1,056
Reviews:3.6 out of 5 stars


adidas Rihla Lge Football Training Balls White/Panton 5
/adidas-Rihla-Football-Training-Panton/dp/B09GS3HKCF/ref=sr_1_12?crid=3VDWDAJM2M9NZ&keywords=football&qid=1685026989&s=apparel&sprefix=football%2Cfashion%2C265&sr=1-12
$2,249
Ratings:191
Reviews:4.3 out of 5 stars


Starlancer Plus White/Green Football Ball-Size 5
/ADIDAS-Starlancer-White-Football-Ball-Size/dp/B0B2F3GPB5/ref=sr_1_13?crid=3VDWDAJM2M9NZ&keywords=football&qid=1685026989&s=apparel&sprefix=football%2Cfashion%2C265&sr=1-13
$1,899
Ratings:4
Reviews:3.0 out of 5 stars


Street Rubber Football, Size 5 (Multicolor)
/Nivia-Street-Rubber-Football-Black/dp/B00LN59I7C/ref=sr_1_14?crid=3VDWDAJM2M9NZ&keywords=football&qid=1685026989&s=apparel&sprefix=football%2Cfashion%2C265&sr=1-14
$818.
Ratings:3,667
Reviews:4.0 out of 5 stars


Premier Football, Size 5
/Cosco-Premier-Football-Size-5/dp/B00ID6OUTK/ref=sr_1_15?crid=3VDWDAJM2M9NZ&keywords=football&qid=1685026989&s=apparel&sprefix=football%2Cfashion%2C265&sr=1-15
$659
Ratings:359
Reviews:4.0 out of 5 stars


NEO Rubber Moulded Football, Size 5 (White-Red-Black)
/Vector-NEO-Moulded-Football-Multicolor/dp/B085XV2XNV/ref=sr_1_16?crid=3VDWDAJM2M9NZ&keywords=football&qid=1685026989&s=apparel&sprefix=football%2Cfashion%2C265&sr=1-16
$369
Ratings:414
Reviews:3.7 out of 5 stars


14051 Thunder Rubber Football, Size 5, (Multicolour, Soccer)
/Cosco-Thunder-Football-Size-5-Diameter-22cm/dp/B07YNVCL6J/ref=sr_1_17?crid=3VDWDAJM2M9NZ&keywords=football&qid=1685026989&s=apparel&sprefix=football%2Cfashion%2C265&sr=1-17
$459
Ratings:543
Reviews:4.0 out of 5 stars


MUFC Leather Football, Size 5, Red.
/SMT-MUFC-Stiched-Football-Size-05/dp/B07H1XGZ1B/ref=sr_1_18?crid=3VDWDAJM2M9NZ&keywords=football&qid=1685026989&s=apparel&sprefix=football%2Cfashion%2C265&sr=1-18
$599
Ratings:1,084
Reviews:3.6 out of 5 stars


Shining Star - 2022 Football/Rubberized Stitched Football/32 Panels/Suitable for Hard Ground Without Grass/International Match Ball/Soccer Balls/Football Size - 5 (Black & White)
/Nivia-Shining-Star-2022-Football-White/dp/B00IAPK0S4/ref=sr_1_19?crid=3VDWDAJM2M9NZ&keywords=football&qid=1685026989&s=apparel&sprefix=football%2Cfashion%2C265&sr=1-19
$1,049
Ratings:1,401
Reviews:4.1 out of 5 stars


England Rubber Football (Color : Red-White, Size : 5)
/Vector-England-Rubber-Moulded-Football/dp/B019F0LHI4/ref=sr_1_20?crid=3VDWDAJM2M9NZ&keywords=football&qid=1685026989&s=apparel&sprefix=football%2Cfashion%2C265&sr=1-20
$317.
Ratings:2,031
Reviews:3.9 out of 5 stars


Trainer Synthetic Football/Rubberized Stitched/Suitable for Hard Ground Without Grass/Training Football/for Men/Women/
/Nivia-Trainer-Football-Size-White/dp/B00650L8W8/ref=sr_1_21?crid=3VDWDAJM2M9NZ&keywords=football&qid=1685026989&s=apparel&sprefix=football%2Cfashion%2C265&sr=1-21
$790
Ratings:1,855
Reviews:3.9 out of 5 stars


Rio Kids' Football, Size 3 (Small Sized Football)
/Cosco-Rio-Football-Small-Sized/dp/B00P0IJPUS/ref=sr_1_22?crid=3VDWDAJM2M9NZ&keywords=football&qid=1685026989&s=apparel&sprefix=football%2Cfashion%2C265&sr=1-22
$379
Ratings:1,832
Reviews:3.9 out of 5 stars


Equator PU Football (Size: 5, Color : Multicolour, Ideal for : Training/Match)
/Nivia-Trainer-Rubber-Football-White/dp/B00650MGUQ/ref=sr_1_23?crid=3VDWDAJM2M9NZ&keywords=football&qid=1685026989&s=apparel&sprefix=football%2Cfashion%2C265&sr=1-23
$725
Ratings:728
Reviews:3.9 out of 5 stars


Simbolo Football, Size 5 (White/Orange), Leather
/Nivia-Simbolo-Football-White-Orange/dp/B00IAPJYRW/ref=sr_1_24?crid=3VDWDAJM2M9NZ&keywords=football&qid=1685026989&s=apparel&sprefix=football%2Cfashion%2C265&sr=1-24
$976.
Ratings:751
Reviews:4.2 out of 5 stars


296 Rubber Hand Stitched Football, Size 5, (Multicolour)
/Nivia-Antrix-Rubber-Football-Orange/dp/B016SCQM0A/ref=sr_1_25?crid=3VDWDAJM2M9NZ&keywords=football&qid=1685026989&s=apparel&sprefix=football%2Cfashion%2C265&sr=1-25
$1,238.
Ratings:305
Reviews:3.9 out of 5 stars


NIVIA Ashtang Football Stud for Mens | TPU Sole with PU Synthetic Leather | A Moulded Removable E.VA | Pre-Molded TPU Light Weight Insole | Ideal for Hard and Grassy Surfaces (Green) UK-10
/Nivia-808G-Mesh-Football-Green/dp/B07JGQH7JB/ref=sr_1_26?crid=3VDWDAJM2M9NZ&keywords=football&qid=1685026989&s=apparel&sprefix=football%2Cfashion%2C265&sr=1-26
$673
Ratings:1,355
Reviews:3.9 out of 5 stars


Storm Football Shoe for Mens | TPU Sole with PVC Synthetic Leather Upper for Hard and Grassy Surfaces Suitable for Sports, Die Cut Soft Cushion, Light Weight Insole
/Nivia-Storm-Football-White-Numeric_11/dp/B08XXR5MK2/ref=sr_1_27?crid=3VDWDAJM2M9NZ&keywords=football&qid=1685026989&s=apparel&sprefix=football%2Cfashion%2C265&sr=1-27
$890
Ratings:785
Reviews:4.0 out of 5 stars


Blaze Machine Stitched PVC/Rubber Moulded Football (Size - 5) (Red-Blue)
/NIVIA-Blaze-Machine-Stitched-Football/dp/B07XVF56FH/ref=sr_1_28?crid=3VDWDAJM2M9NZ&keywords=football&qid=1685026989&s=apparel&sprefix=football%2Cfashion%2C265&sr=1-28
$475
Ratings:380
Reviews:3.5 out of 5 stars


Adidas TIRO League TB- Size 5 Football(Turf/Grass) (Yellow/Black)
/Adidas-League-Football-Grass-Yellow/dp/B08D3DCD75/ref=sr_1_29?crid=3VDWDAJM2M9NZ&keywords=football&qid=1685026989&s=apparel&sprefix=football%2Cfashion%2C265&sr=1-29
$2,199
Ratings:44
Reviews:4.7 out of 5 stars


Mercurial/Fade Football - size 5 ( Purple )
/Nike-Mercurial-Fade-Football-Purple/dp/B01DANIFSM/ref=sr_1_30?crid=3VDWDAJM2M9NZ&keywords=football&qid=1685026989&s=apparel&sprefix=football%2Cfashion%2C265&sr=1-30
$1,375
Ratings:80
Reviews:3.6 out of 5 stars


Nk Ptch-Fa18 Soccer Ball
/Nike-Pitch-Ball-FootBall-Color/dp/B07KWBFMGJ/ref=sr_1_31?crid=3VDWDAJM2M9NZ&keywords=football&qid=1685026989&s=apparel&sprefix=football%2Cfashion%2C265&sr=1-31
$1,375
Ratings:19
Reviews:3.0 out of 5 stars


Men's Solid Regular Fit T-Shirt (65648203_Black-Asphalt
/Puma-Solid-Regular-T-Shirt-65648203_Black-Asphalt/dp/B07X9T6NDK/ref=sr_1_32?crid=3VDWDAJM2M9NZ&keywords=football&qid=1685026989&s=apparel&sprefix=football%2Cfashion%2C265&sr=1-32
$999
Ratings:11
Reviews:3.8 out of 5 stars


Rubber Roma Football (Multicolour, Size 5)
/Cosco-Roma-Foot-Ball-White/dp/B00VR8TZBY/ref=sr_1_33?crid=3VDWDAJM2M9NZ&keywords=football&qid=1685026989&s=apparel&sprefix=football%2Cfashion%2C265&sr=1-33
$549
Ratings:511
Reviews:3.7 out of 5 stars


Step Out & Play 281 Rubber Classic Football, Size 5 (Multicolour)
/Nivia-Classic-Rubber-Football-Yellow/dp/B07B22SLNN/ref=sr_1_34?crid=3VDWDAJM2M9NZ&keywords=football&qid=1685026989&s=apparel&sprefix=football%2Cfashion%2C265&sr=1-34
$719
Ratings:648
Reviews:4.0 out of 5 stars


OSS-145 Soccer Jersy Set
/Vector-X-OSS-145-Soccer-Jersy-Set/dp/B0B5DWB2FT/ref=sr_1_35?crid=3VDWDAJM2M9NZ&keywords=football&qid=1685026989&s=apparel&sprefix=football%2Cfashion%2C265&sr=1-35
$549
Ratings:3
Reviews:4.6 out of 5 stars


Synthetic Rubber Pitch Training Soccer Ball, Foot Ball ( Color: Pink Blast/Black , Size :5)
/Nike-Pitch-Training-Soccer-Ball/dp/B00DT7BFXW/ref=sr_1_36?crid=3VDWDAJM2M9NZ&keywords=football&qid=1685026989&s=apparel&sprefix=football%2Cfashion%2C265&sr=1-36
$1,375
Ratings:256
Reviews:4.2 out of 5 stars


Adidas Rihla LGE Football, White/Panton - Size 5
/Adidas-Rihla-Football-White-Panton/dp/B0C2KP2BD6/ref=sr_1_37?crid=3VDWDAJM2M9NZ&keywords=football&qid=1685026989&s=apparel&sprefix=football%2Cfashion%2C265&sr=1-37
$2,249
Ratings:4
Reviews:3.4 out of 5 stars


OSS-146 Soccer Jersy Set
/Vector-X-OSS-146-Soccer-Jersey-Set/dp/B0B5DYHM6Y/ref=sr_1_38?crid=3VDWDAJM2M9NZ&keywords=football&qid=1685026989&s=apparel&sprefix=football%2Cfashion%2C265&sr=1-38
$429
Ratings:5
Reviews:3.9 out of 5 stars


boys Nivia Ashtang Gold Football Stud Football Shoes
/Nivia-636-Ashtang-Gold-Football/dp/B088TRTYS9/ref=sr_1_39?crid=3VDWDAJM2M9NZ&keywords=football&qid=1685026989&s=apparel&sprefix=football%2Cfashion%2C265&sr=1-39
$1,971
Ratings:13
Reviews:3.8 out of 5 stars


Ashtang Football Stud for Kids | TPU Sole with PU Synthetic Leather | A Moulded Removable E.VA | Pre-Molded TPU Light Weight Insole | Ideal for Hard and Grassy Surfaces (Black,Orange) UK-4
/Nivia-804O-Mesh-Football-Orange/dp/B07JGQH4Z4/ref=sr_1_40?crid=3VDWDAJM2M9NZ&keywords=football&qid=1685026989&s=apparel&sprefix=football%2Cfashion%2C265&sr=1-40
$1,735
Ratings:1
Reviews:2.0 out of 5 stars


VFS-001-B Football Set
/Vector-VFS-001-B-Football-Set-XXL/dp/B01MS14WW1/ref=sr_1_41?crid=3VDWDAJM2M9NZ&keywords=football&qid=1685026989&s=apparel&sprefix=football%2Cfashion%2C265&sr=1-41
$625
Ratings:75
Reviews:4.0 out of 5 stars


Nivia Stria Turf Shoes for Mens (White) UK-9
/Nivia-3930WH09-NIVIA-Stria-Turf/dp/B091KHTT45/ref=sr_1_42?crid=3VDWDAJM2M9NZ&keywords=football&qid=1685026989&s=apparel&sprefix=football%2Cfashion%2C265&sr=1-42
$850
Ratings:279
Reviews:3.5 out of 5 stars


Blaze Machine Stitched PVC/Rubber Football Size - 5 (Black-Green)
/NIVIA-Blaze-Machine-Stitched-Football/dp/B07XVKKDGT/ref=sr_1_43?crid=3VDWDAJM2M9NZ&keywords=football&qid=1685026989&s=apparel&sprefix=football%2Cfashion%2C265&sr=1-43
$494
Ratings:534
Reviews:3.6 out of 5 stars


Ashtang Futsal Football Shoes for Mens
/Nivia-Ashtang-Futsal-Football-Shoes/dp/B0BR16FBRG/ref=sr_1_44?crid=3VDWDAJM2M9NZ&keywords=football&qid=1685026989&s=apparel&sprefix=football%2Cfashion%2C265&sr=1-44
$2,449
Ratings:1,140
Reviews:4.4 out of 5 stars


Nivia World Fest Country Colour (England)/Foamed PVC Stitched/32 Panel/Suitable for Grassy Ground/Recommended for Under 12 Years Age Group/Soccer Ball/Size - 5 (Red)
/NIVIA-World-Fest-F-B-England/dp/B07Q83HM85/ref=sr_1_45?crid=3VDWDAJM2M9NZ&keywords=football&qid=1685026989&s=apparel&sprefix=football%2Cfashion%2C265&sr=1-45
$448
Ratings:91
Reviews:4.0 out of 5 stars


Nike Unisex's NK Academy - Team Recreational Soccer Ball, White/Black/(Volt), 5
/Nike-Unisexs-Academy-Football-White/dp/B08QVQGKRG/ref=sr_1_46?crid=3VDWDAJM2M9NZ&keywords=football&qid=1685026989&s=apparel&sprefix=football%2Cfashion%2C265&sr=1-46
$5,734.
Ratings:1
Reviews:5.0 out of 5 stars


Football Pvc Boss Green With Gowin Football Shoe Crush Blue Green Size-8
/Triumph-Football-Green-Gowin-Size-8/dp/B097H4W6TZ/ref=sr_1_47?crid=3VDWDAJM2M9NZ&keywords=football&qid=1685026989&s=apparel&sprefix=football%2Cfashion%2C265&sr=1-47
$1,232
Ratings:43
Reviews:4.0 out of 5 stars


Sports Bag Verfied Mission Backpack with Gowin Football Shoe Ace Black White Size-7
/Charged-Verfied-Mission-Backpack-Football/dp/B097RWWMJX/ref=sr_1_48?crid=3VDWDAJM2M9NZ&keywords=football&qid=1685026989&s=apparel&sprefix=football%2Cfashion%2C265&sr=1-48
$1,447
Ratings:16
Reviews:4.6 out of 5 stars


Cosco Belgium Cotton Football, Size 3 (Multicolour, Soccer)
/Cosco-Belgium-Football-Size-Multicolour/dp/B08BLBVH6J/ref=sxbs_aspa_sqa?c_c=2006140787&content-id=amzn1.sym.93a4e5ea-7e27-498b-83cd-f50484733530%3Aamzn1.sym.93a4e5ea-7e27-498b-83cd-f50484733530&crid=3VDWDAJM2M9NZ&cv_ct_cx=football&keywords=football&pd_rd_i=B08BLBVH6J&pd_rd_r=cc3c19e9-e978-41c9-8063-c22d9198a8a6&pd_rd_w=AVfX4&pd_rd_wg=iG46G&pf_rd_p=93a4e5ea-7e27-498b-83cd-f50484733530&pf_rd_r=AVEHZ32ZQB8XGG2QQ8NZ&qid=1685026989&s=apparel&sbo=RZvfv%2F%2FHxDF%2BO5021pAnSA%3D%3D&sprefix=football%2Cfashion%2C265&sr=1-1-93291ede-2a7a-4e75-a6c2-b89c29736263
$365
Ratings:192
Reviews:4.1 out of 5 stars


Vicky Oro Football Hand Sewn Synthetic 2-Ply Design Ideal for Outdoor Soccer Practicing & Training- Neon Orange, Size-3
/Vicky-Transform-Football-Size-3-Orange-Black/dp/B088BP928C/ref=sxbs_aspa_sqa?c_c=2006140787&content-id=amzn1.sym.93a4e5ea-7e27-498b-83cd-f50484733530%3Aamzn1.sym.93a4e5ea-7e27-498b-83cd-f50484733530&crid=3VDWDAJM2M9NZ&cv_ct_cx=football&keywords=football&pd_rd_i=B088BP928C&pd_rd_r=cc3c19e9-e978-41c9-8063-c22d9198a8a6&pd_rd_w=AVfX4&pd_rd_wg=iG46G&pf_rd_p=93a4e5ea-7e27-498b-83cd-f50484733530&pf_rd_r=AVEHZ32ZQB8XGG2QQ8NZ&qid=1685026989&s=apparel&sbo=RZvfv%2F%2FHxDF%2BO5021pAnSA%3D%3D&sprefix=football%2Cfashion%2C265&sr=1-3-93291ede-2a7a-4e75-a6c2-b89c29736263
$379
Ratings:211
Reviews:4.0 out of 5 stars


Nivia RABONA TPU Football Size - 3, White/Orange
/Nivia-Rabona-TPU-Football-Size/dp/B07Q3RQ6L2/ref=sxbs_aspa_sqa?c_c=2006140787&content-id=amzn1.sym.93a4e5ea-7e27-498b-83cd-f50484733530%3Aamzn1.sym.93a4e5ea-7e27-498b-83cd-f50484733530&crid=3VDWDAJM2M9NZ&cv_ct_cx=football&keywords=football&pd_rd_i=B07Q3RQ6L2&pd_rd_r=cc3c19e9-e978-41c9-8063-c22d9198a8a6&pd_rd_w=AVfX4&pd_rd_wg=iG46G&pf_rd_p=93a4e5ea-7e27-498b-83cd-f50484733530&pf_rd_r=AVEHZ32ZQB8XGG2QQ8NZ&qid=1685026989&s=apparel&sbo=RZvfv%2F%2FHxDF%2BO5021pAnSA%3D%3D&sprefix=football%2Cfashion%2C265&sr=1-5-93291ede-2a7a-4e75-a6c2-b89c29736263
$743
Ratings:543
Reviews:4.0 out of 5 stars


Nivia Equator Football (3)
/Nivia-7031-Equator-PU-Football/dp/B08WJ6BFNG/ref=sxbs_aspa_sqa?c_c=2006140787&content-id=amzn1.sym.93a4e5ea-7e27-498b-83cd-f50484733530%3Aamzn1.sym.93a4e5ea-7e27-498b-83cd-f50484733530&crid=3VDWDAJM2M9NZ&cv_ct_cx=football&keywords=football&pd_rd_i=B08WJ6BFNG&pd_rd_r=cc3c19e9-e978-41c9-8063-c22d9198a8a6&pd_rd_w=AVfX4&pd_rd_wg=iG46G&pf_rd_p=93a4e5ea-7e27-498b-83cd-f50484733530&pf_rd_r=AVEHZ32ZQB8XGG2QQ8NZ&qid=1685026989&s=apparel&sbo=RZvfv%2F%2FHxDF%2BO5021pAnSA%3D%3D&sprefix=football%2Cfashion%2C265&sr=1-7-93291ede-2a7a-4e75-a6c2-b89c29736263
$790
Ratings:9
Reviews:4.8 out of 5 stars


